timestamp,project_name,run_id,experiment_id,duration,emissions,emissions_rate,cpu_power,gpu_power,ram_power,cpu_energy,gpu_energy,ram_energy,energy_consumed,water_consumed,country_name,country_iso_code,region,cloud_provider,cloud_region,os,python_version,codecarbon_version,cpu_count,cpu_model,gpu_count,gpu_model,longitude,latitude,ram_total_size,tracking_mode,on_cloud,pue,wue
2026-10-08T16:03:46,codecarbon,1a00c375-7a02-494d-b05c-4197b521c729,CO2_tracking,144.36510029999772,9.806894498573098e-06,6.79311999797312e-08,42.5,0.2697465526043323,20.0,0.0016864273983333,1.0703897451999796e-05,0.0007936002822222,0.0024907315780076,0.0,Canada,CAN,quebec,,,Windows-10-10.0.26100-SP0,3.11.13,3.0.8,18,Intel(R) Core(TM) Ultra 5 135H,1,1 x NVIDIA RTX 1000 Ada Generation Laptop GPU,-71.2,46.8,31.45771789550781,machine,N,1.0,0.0
2026-10-08T16:22:23,codecarbon,b5228554-41bf-4422-9e6b-f641af1f7d55,CO2_tracking,211.5598937000032,1.4327923356977582e-05,6.772513970580318e-08,42.5,1.0019489357451914,20.0,0.0024628161528474,1.7220291553999775e-05,0.0011589352155557,0.0036389716599571,0.0,Canada,CAN,quebec,,,Windows-10-10.0.26100-SP0,3.11.13,3.0.8,18,Intel(R) Core(TM) Ultra 5 135H,1,1 x NVIDIA RTX 1000 Ada Generation Laptop GPU,-71.2,46.8,31.45771789550781,machine,N,1.0,0.0
2026-10-08T16:35:03,codecarbon,03f1e3b9-3550-4910-9be8-d8e9ae16cdcc,CO2_tracking,74.58619939998607,5.014233640488623e-06,6.722736485872693e-08,42.5,0.2307375698278549,20.0,0.000862806521458,4.68444819199873e-06,0.0004060120816665,0.0012735030513166,0.0,Canada,CAN,quebec,,,Windows-10-10.0.26100-SP0,3.11.13,3.0.8,18,Intel(R) Core(TM) Ultra 5 135H,1,1 x NVIDIA RTX 1000 Ada Generation Laptop GPU,-71.2,46.8,31.45771789550781,machine,N,1.0,0.0
2026-10-08T17:02:35,codecarbon,3e04c016-dd25-458d-9c61-ba1d8213543c,CO2_tracking,190.6103578000329,1.292597925611174e-05,6.781362463876296e-08,42.5,3.96223314688902,20.0,0.0022144649413886,2.6442521154000816e-05,0.0010420017922222,0.0032829092547649,0.0,Canada,CAN,quebec,,,Windows-10-10.0.26100-SP0,3.11.13,3.0.8,18,Intel(R) Core(TM) Ultra 5 135H,1,1 x NVIDIA RTX 1000 Ada Generation Laptop GPU,-71.2,46.8,31.45771789550781,machine,N,1.0,0.0
2026-10-08T17:08:06,codecarbon,1dc0de78-038b-4b60-8252-53a1e10b3668,CO2_tracking,54.39990259998012,3.630213386778176e-06,6.67319832072549e-08,42.5,0.2441998685654019,20.0,0.0006245250545834,3.588613981999472e-06,0.0002938792333333,0.0009219929018987,0.0,Canada,CAN,quebec,,,Windows-10-10.0.26100-SP0,3.11.13,3.0.8,18,Intel(R) Core(TM) Ultra 5 135H,1,1 x NVIDIA RTX 1000 Ada Generation Laptop GPU,-71.2,46.8,31.45771789550781,machine,N,1.0,0.0
2026-10-08T17:17:03,codecarbon,e7131930-4330-4b68-ae7d-382fba305318,CO2_tracking,82.52713140001288,5.575449395537913e-06,6.755898697742744e-08,42.5,0.408444704168628,20.0,0.0009566613456944,9.19417402199963e-06,0.000450183765,0.0014160392847165,0.0,Canada,CAN,quebec,,,Windows-10-10.0.26100-SP0,3.11.13,3.0.8,18,Intel(R) Core(TM) Ultra 5 135H,1,1 x NVIDIA RTX 1000 Ada Generation Laptop GPU,-71.2,46.8,31.45771789550781,machine,N,1.0,0.0
2026-10-08T17:18:48,codecarbon,79dc18a5-07a7-4219-9a2a-047177b2fc1c,CO2_tracking,42.8024802999571,2.83547663274574e-06,6.624561504087842e-08,42.5,0.234101552388372,20.0,0.0004878789872915,2.687502149999882e-06,0.000229581075,0.0007201475644415,0.0,Canada,CAN,quebec,,,Windows-10-10.0.26100-SP0,3.11.13,3.0.8,18,Intel(R) Core(TM) Ultra 5 135H,1,1 x NVIDIA RTX 1000 Ada Generation Laptop GPU,-71.2,46.8,31.45771789550781,machine,N,1.0,0.0
2026-10-08T17:22:09,codecarbon,e9670cc0-0abb-44ed-bb94-5a8dae1e37a3,CO2_tracking,71.82759600004647,4.84147521615787e-06,6.740411047802209e-08,42.5,0.4553126145493714,20.0,0.000830105731111,8.893340447999921e-06,0.0003906272088888,0.0012296262804479,0.0,Canada,CAN,quebec,,,Windows-10-10.0.26100-SP0,3.11.13,3.0.8,18,Intel(R) Core(TM) Ultra 5 135H,1,1 x NVIDIA RTX 1000 Ada Generation Laptop GPU,-71.2,46.8,31.45771789550781,machine,N,1.0,0.0
2026-10-08T17:24:08,codecarbon,47b9114e-07da-45ea-abad-984cabae2776,CO2_tracking,70.45066279999446,4.722937598131839e-06,6.70389377533608e-08,42.5,0.1431751094086927,20.0,0.0008138150584721,2.741668860000053e-06,0.0003829636527778,0.0011995203801099,0.0,Canada,CAN,quebec,,,Windows-10-10.0.26100-SP0,3.11.13,3.0.8,18,Intel(R) Core(TM) Ultra 5 135H,1,1 x NVIDIA RTX 1000 Ada Generation Laptop GPU,-71.2,46.8,31.45771789550781,machine,N,1.0,0.0
2026-10-08T17:33:04,codecarbon,87ee0a49-4c13-48b9-8d90-500776ac21ef,CO2_tracking,51.96922670002096,3.4699227961628507e-06,6.676879793097735e-08,42.5,0.3262383796011585,20.0,0.0005961655695832,4.57639254999951e-06,0.0002805407194443,0.0008812826815776,0.0,Canada,CAN,quebec,,,Windows-10-10.0.26100-SP0,3.11.13,3.0.8,18,Intel(R) Core(TM) Ultra 5 135H,1,1 x NVIDIA RTX 1000 Ada Generation Laptop GPU,-71.2,46.8,31.45771789550781,machine,N,1.0,0.0
2026-10-08T17:59:06,codecarbon,47752308-14c8-48e3-bb57-ddfccc5cb549,CO2_tracking,56.2527720000362,3.759642386099572e-06,6.683479324533827e-08,42.5,0.2573160184455272,20.0,0.0006466512027086,3.9152809100002905e-06,0.0003042984855555,0.0009548649691741,0.0,Canada,CAN,quebec,,,Windows-10-10.0.26100-SP0,3.11.13,3.0.8,18,Intel(R) Core(TM) Ultra 5 135H,1,1 x NVIDIA RTX 1000 Ada Generation Laptop GPU,-71.2,46.8,31.45771789550781,machine,N,1.0,0.0
2026-10-08T18:39:59,codecarbon,cd11d6c8-292e-406e-9628-96f28132de80,CO2_tracking,948.8246891999734,6.462171226856335e-05,6.810711504888311e-08,42.5,0.6257234030838833,20.0,0.011105982311596905,8.029867535000023e-05,0.005226186731111374,0.01641246771805828,0.0,Canada,CAN,quebec,,,Windows-10-10.0.26100-SP0,3.11.13,3.0.8,18,Intel(R) Core(TM) Ultra 5 135H,1,1 x NVIDIA RTX 1000 Ada Generation Laptop GPU,-71.2,46.8,31.457717895507812,machine,N,1.0,0.0
